
INSERT INTO public.manufacturer_types (manufacturer_type) VALUES ('strings');
INSERT INTO public.manufacturer_types (manufacturer_type) VALUES ('musical instruments');

INSERT INTO public.manufacturers(manufacturer_name,manufacturer_type) VALUES ('Aquila','strings');
INSERT INTO public.manufacturers(manufacturer_name,manufacturer_type) VALUES ('D''Addario','strings');
INSERT INTO public.manufacturers(manufacturer_name,manufacturer_type) VALUES ('Elixer','strings');
INSERT INTO public.manufacturers(manufacturer_name,manufacturer_type) VALUES ('Ernie Ball','strings');
INSERT INTO public.manufacturers(manufacturer_name,manufacturer_type) VALUES ('La Bella','strings');
INSERT INTO public.manufacturers(manufacturer_name,manufacturer_type) VALUES ('Martin & Co.','strings');
INSERT INTO public.manufacturers(manufacturer_name,manufacturer_type) VALUES ('Pyramid','strings');
INSERT INTO public.manufacturers(manufacturer_name,manufacturer_type) VALUES ('Savarez','strings');
INSERT INTO public.manufacturers(manufacturer_name,manufacturer_type) VALUES ('Taylor','musical instruments');
INSERT INTO public.manufacturers(manufacturer_name,manufacturer_type) VALUES ('Doff','musical instruments');

INSERT INTO public.units (unit,description,comment) VALUES ( 'lb/in', 'pound mass per inch','is is mu, needs to be converted to g/cm');
INSERT INTO public.units (unit,description,comment) VALUES ( 'lb', 'pound mass','needs to be converted to g or kg');
INSERT INTO public.units (unit,description,comment) VALUES ( 'lbf', 'pound force','needs to be converted to Newtons');

INSERT INTO public.instrument_types (type,actuator_type) VALUES ( 'brass', 'button' );
INSERT INTO public.instrument_types (type,actuator_type) VALUES ( 'keyboard', 'key' );
INSERT INTO public.instrument_types (type,actuator_type) VALUES ( 'percussion', 'stick' );
INSERT INTO public.instrument_types (type,actuator_type) VALUES ( 'stringed', 'pluck' );
INSERT INTO public.instrument_types (type,actuator_type) VALUES ( 'woodwind', 'breath' );

INSERT INTO public.instrument_categories (instrument_category) VALUES ( 'acoustic' );
INSERT INTO public.instrument_categories (instrument_category) VALUES ( 'classical' );
INSERT INTO public.instrument_categories (instrument_category) VALUES ( 'solid-body' );

INSERT INTO public.instruments (type,name,category) VALUES ('stringed','guitar','classical');

INSERT INTO public.instrument_attributes (instrument_attribute,instrument_attribute_type) VALUES ('number_of_actuators', 'INT');
INSERT INTO public.instrument_attributes (instrument_attribute,instrument_attribute_type) VALUES ('ethnic_association','TEXT');
INSERT INTO public.instrument_attributes (instrument_attribute,instrument_attribute_type) VALUES ('electric','BOOLEAN');
INSERT INTO public.instrument_attributes (instrument_attribute,instrument_attribute_type) VALUES ('multi_scale','BOOLEAN');
INSERT INTO public.instrument_attributes (instrument_attribute,instrument_attribute_type) VALUES ('adjustable_scale_length','BOOLEAN');
INSERT INTO public.instrument_attributes (instrument_attribute,instrument_attribute_type) VALUES ('adjustable_scale_length_type','TEXT');

INSERT INTO public.instrument_characteristics (instrument_id,instrument_characteristic,instrument_characteristic_value) VALUES (
  (SELECT id FROM instruments WHERE type='stringed' AND name='guitar' AND category='classical'),
  'number_of_actuators',
  6
);
INSERT INTO public.instrument_characteristics (instrument_id,instrument_characteristic,instrument_characteristic_value) VALUES (
  (SELECT id FROM instruments WHERE type='stringed' AND name='guitar' AND category='classical'),
  'number_of_actuators',
  7
);
INSERT INTO public.instrument_characteristics (instrument_id,instrument_characteristic,instrument_characteristic_value) VALUES (
  (SELECT id FROM instruments WHERE type='stringed' AND name='guitar' AND category='classical'),
  'number_of_actuators',
  8
);
INSERT INTO public.instrument_characteristics (instrument_id,instrument_characteristic,instrument_characteristic_value) VALUES (
  (SELECT id FROM instruments WHERE type='stringed' AND name='guitar' AND category='classical'),
  'number_of_actuators',
  9
);
INSERT INTO public.instrument_characteristics (instrument_id,instrument_characteristic,instrument_characteristic_value) VALUES (
  (SELECT id FROM instruments WHERE type='stringed' AND name='guitar' AND category='classical'),
  'number_of_actuators',
  12
);
INSERT INTO public.materials (material_name) VALUES ('clear nylon');
INSERT INTO public.materials (material_name) VALUES ('black nylon');
INSERT INTO public.materials (material_name) VALUES ('rectified clear nylon');
INSERT INTO public.materials (material_name) VALUES ('titanium nylon');
INSERT INTO public.materials (material_name) VALUES ('silverplated wound');
INSERT INTO public.materials (material_name) VALUES ('laser select clear nylon');
INSERT INTO public.materials (material_name) VALUES ('laser select black nylon');
INSERT INTO public.materials (material_name) VALUES ('bronze wound');
INSERT INTO public.materials (material_name) VALUES ('flat silverplated copper wound');

INSERT INTO public.string_tension_categories (category) VALUES ('light tension');
INSERT INTO public.string_tension_categories (category) VALUES ('medium tension' );
INSERT INTO public.string_tension_categories (category) VALUES ('moderate tension' );
INSERT INTO public.string_tension_categories (category) VALUES ('normal tension' );
INSERT INTO public.string_tension_categories (category) VALUES ('hard tension' );
INSERT INTO public.string_tension_categories (category) VALUES ('extra hard tension');

INSERT INTO public.string_classifications (classification) VALUES('treble');
INSERT INTO public.string_classifications (classification) VALUES('bass');

-- INSERT INTO strings( manufacturer_id, part_id, string_family, instrument_id, string_note, string_order, string_diameter, string_tension_category, string_material, mass_per_length, scale_length, tension_maximum, tension_at_note, tension_minimum, string_classification, description) VALUES ( (SELECT manufacturer_id FROM manufacturers WHERE manufacturer_name='D''Addario' AND manufacturer_type='strings'), 'J2901', 'D''Addario Classic', (SELECT id FROM instruments WHERE type='stringed' AND category='classical' AND name='guitar'), 'E4', 1, 0.027*25.4, 'moderate tension', 'rectified clear nylon', 0.00001928*453.592292/2.54, 25.5*25.4, 15.8*453.592292/1000, 14.1*453.592292/1000, 4*453.592292/1000, 'treble', 'D''Addario D''Addario Classic Classical Guitar String - J2901 - Treble - E4(1) - 0.027" (0.6858mm) - Moderate Tension - Rectified Clear Nylon');
-- INSERT INTO strings( manufacturer_id, part_id, string_family, instrument_id, string_note, string_order, string_diameter, string_tension_category, string_material, mass_per_length, scale_length, tension_maximum, tension_at_note, tension_minimum, string_classification, description) VALUES ( (SELECT manufacturer_id FROM manufacturers WHERE manufacturer_name='D''Addario' AND manufacturer_type='strings'), 'J2902', 'D''Addario Classic', (SELECT id FROM instruments WHERE type='stringed' AND category='classical' AND name='guitar'), 'B3', 2, 0.031*25.4, 'moderate tension', 'rectified clear nylon', 0.00002803*453.592292/2.54, 25.5*25.4, 23*453.592292/1000, 11.5*453.592292/1000, 5.8*453.592292/1000, 'treble', 'D''Addario D''Addario Classic Classical Guitar String - J2902 - Treble - B3(2) - 0.031" (0.7874mm) - Moderate Tension - Rectified Clear Nylon');
-- INSERT INTO strings( manufacturer_id, part_id, string_family, instrument_id, string_note, string_order, string_diameter, string_tension_category, string_material, mass_per_length, scale_length, tension_maximum, tension_at_note, tension_minimum, string_classification, description) VALUES ( (SELECT manufacturer_id FROM manufacturers WHERE manufacturer_name='D''Addario' AND manufacturer_type='strings'), 'J2903', 'D''Addario Classic', (SELECT id FROM instruments WHERE type='stringed' AND category='classical' AND name='guitar'), 'G3', 3, 0.039*25.4, 'moderate tension', 'rectified clear nylon', 0.00004486*453.592292/2.54, 25.5*25.4, 36.8*453.592292/1000, 11.6*453.592292/1000, 9.2*453.592292/1000, 'treble', 'D''Addario D''Addario Classic Classical Guitar String - J2903 - Treble - G3(3) - 0.039" (0.9906mm) - Moderate Tension - Rectified Clear Nylon');
-- INSERT INTO strings( manufacturer_id, part_id, string_family, instrument_id, string_note, string_order, string_diameter, string_tension_category, string_material, mass_per_length, scale_length, tension_maximum, tension_at_note, tension_minimum, string_classification, description) VALUES ( (SELECT manufacturer_id FROM manufacturers WHERE manufacturer_name='D''Addario' AND manufacturer_type='strings'), 'J3001', 'D''Addario Classic', (SELECT id FROM instruments WHERE type='stringed' AND category='classical' AND name='guitar'), 'E4', 1, 0.028*25.4, 'normal tension', 'rectified clear nylon', 0.00002065*453.592292/2.54, 25.5*25.4, 16.9*453.592292/1000, 15.1*453.592292/1000, 4.2*453.592292/1000, 'treble', 'D''Addario D''Addario Classic Classical Guitar String - J3001 - Treble - E4(1) - 0.028" (0.7112mm) - Normal Tension - Rectified Clear Nylon');
-- INSERT INTO strings( manufacturer_id, part_id, string_family, instrument_id, string_note, string_order, string_diameter, string_tension_category, string_material, mass_per_length, scale_length, tension_maximum, tension_at_note, tension_minimum, string_classification, description) VALUES ( (SELECT manufacturer_id FROM manufacturers WHERE manufacturer_name='D''Addario' AND manufacturer_type='strings'), 'J3002', 'D''Addario Classic', (SELECT id FROM instruments WHERE type='stringed' AND category='classical' AND name='guitar'), 'B3', 2, 0.031*25.4, 'normal tension', 'rectified clear nylon', 0.000029*453.592292/2.54, 25.5*25.4, 23.8*453.592292/1000, 11.9*453.592292/1000, 6*453.592292/1000, 'treble', 'D''Addario D''Addario Classic Classical Guitar String - J3002 - Treble - B3(2) - 0.031" (0.7874mm) - Normal Tension - Rectified Clear Nylon');
-- INSERT INTO strings( manufacturer_id, part_id, string_family, instrument_id, string_note, string_order, string_diameter, string_tension_category, string_material, mass_per_length, scale_length, tension_maximum, tension_at_note, tension_minimum, string_classification, description) VALUES ( (SELECT manufacturer_id FROM manufacturers WHERE manufacturer_name='D''Addario' AND manufacturer_type='strings'), 'J3003', 'D''Addario Classic', (SELECT id FROM instruments WHERE type='stringed' AND category='classical' AND name='guitar'), 'G3', 3, 0.039*25.4, 'normal tension', 'rectified clear nylon', 0.00004602*453.592292/2.54, 25.5*25.4, 37.8*453.592292/1000, 11.9*453.592292/1000, 9.4*453.592292/1000, 'treble', 'D''Addario D''Addario Classic Classical Guitar String - J3003 - Treble - G3(3) - 0.039" (0.9906mm) - Normal Tension - Rectified Clear Nylon');
-- INSERT INTO strings( manufacturer_id, part_id, string_family, instrument_id, string_note, string_order, string_diameter, string_tension_category, string_material, mass_per_length, scale_length, tension_maximum, tension_at_note, tension_minimum, string_classification, description) VALUES ( (SELECT manufacturer_id FROM manufacturers WHERE manufacturer_name='D''Addario' AND manufacturer_type='strings'), 'J3101', 'D''Addario Classic', (SELECT id FROM instruments WHERE type='stringed' AND category='classical' AND name='guitar'), 'E4', 1, 0.029*25.4, 'hard tension', 'rectified clear nylon', 0.00002284*453.592292/2.54, 25.5*25.4, 18.7*453.592292/1000, 16.7*453.592292/1000, 4.7*453.592292/1000, 'treble', 'D''Addario D''Addario Classic Classical Guitar String - J3101 - Treble - E4(1) - 0.029" (0.7366mm) - Hard Tension - Rectified Clear Nylon');
-- INSERT INTO strings( manufacturer_id, part_id, string_family, instrument_id, string_note, string_order, string_diameter, string_tension_category, string_material, mass_per_length, scale_length, tension_maximum, tension_at_note, tension_minimum, string_classification, description) VALUES ( (SELECT manufacturer_id FROM manufacturers WHERE manufacturer_name='D''Addario' AND manufacturer_type='strings'), 'J3102', 'D''Addario Classic', (SELECT id FROM instruments WHERE type='stringed' AND category='classical' AND name='guitar'), 'B3', 2, 0.033*25.4, 'hard tension', 'rectified clear nylon', 0.00003022*453.592292/2.54, 25.5*25.4, 24.8*453.592292/1000, 12.4*453.592292/1000, 6.2*453.592292/1000, 'treble', 'D''Addario D''Addario Classic Classical Guitar String - J3102 - Treble - B3(2) - 0.033" (0.8382mm) - Hard Tension - Rectified Clear Nylon');
-- INSERT INTO strings( manufacturer_id, part_id, string_family, instrument_id, string_note, string_order, string_diameter, string_tension_category, string_material, mass_per_length, scale_length, tension_maximum, tension_at_note, tension_minimum, string_classification, description) VALUES ( (SELECT manufacturer_id FROM manufacturers WHERE manufacturer_name='D''Addario' AND manufacturer_type='strings'), 'J3103', 'D''Addario Classic', (SELECT id FROM instruments WHERE type='stringed' AND category='classical' AND name='guitar'), 'G3', 3, 0.041*25.4, 'hard tension', 'rectified clear nylon', 0.00004989*453.592292/2.54, 25.5*25.4, 40.9*453.592292/1000, 12.9*453.592292/1000, 10.2*453.592292/1000, 'treble', 'D''Addario D''Addario Classic Classical Guitar String - J3103 - Treble - G3(3) - 0.041" (1.0414mm) - Hard Tension - Rectified Clear Nylon');
-- INSERT INTO strings( manufacturer_id, part_id, string_family, instrument_id, string_note, string_order, string_diameter, string_tension_category, string_material, mass_per_length, scale_length, tension_maximum, tension_at_note, tension_minimum, string_classification, description) VALUES ( (SELECT manufacturer_id FROM manufacturers WHERE manufacturer_name='D''Addario' AND manufacturer_type='strings'), 'J4301', 'Pro-Arté', (SELECT id FROM instruments WHERE type='stringed' AND category='classical' AND name='guitar'), 'E4', 1, 0.0275*25.4, 'light tension', 'clear nylon', 0.00002024*453.592292/2.54, 25.5*25.4, 16.6*453.592292/1000, 14.8*453.592292/1000, 4.2*453.592292/1000, 'treble', 'D''Addario Pro-Arté Classical Guitar String - J4301 - Treble - E4(1) - 0.0275" (0.6985mm) - Light Tension - Clear Nylon');
-- INSERT INTO strings( manufacturer_id, part_id, string_family, instrument_id, string_note, string_order, string_diameter, string_tension_category, string_material, mass_per_length, scale_length, tension_maximum, tension_at_note, tension_minimum, string_classification, description) VALUES ( (SELECT manufacturer_id FROM manufacturers WHERE manufacturer_name='D''Addario' AND manufacturer_type='strings'), 'J4302', 'Pro-Arté', (SELECT id FROM instruments WHERE type='stringed' AND category='classical' AND name='guitar'), 'B3', 2, 0.0317*25.4, 'light tension', 'clear nylon', 0.00002729*453.592292/2.54, 25.5*25.4, 22.4*453.592292/1000, 11.2*453.592292/1000, 5.6*453.592292/1000, 'treble', 'D''Addario Pro-Arté Classical Guitar String - J4302 - Treble - B3(2) - 0.0317" (0.80518mm) - Light Tension - Clear Nylon');
-- INSERT INTO strings( manufacturer_id, part_id, string_family, instrument_id, string_note, string_order, string_diameter, string_tension_category, string_material, mass_per_length, scale_length, tension_maximum, tension_at_note, tension_minimum, string_classification, description) VALUES ( (SELECT manufacturer_id FROM manufacturers WHERE manufacturer_name='D''Addario' AND manufacturer_type='strings'), 'J4303', 'Pro-Arté', (SELECT id FROM instruments WHERE type='stringed' AND category='classical' AND name='guitar'), 'G3', 3, 0.0397*25.4, 'light tension', 'clear nylon', 0.00004525*453.592292/2.54, 25.5*25.4, 37.1*453.592292/1000, 11.7*453.592292/1000, 9.3*453.592292/1000, 'treble', 'D''Addario Pro-Arté Classical Guitar String - J4303 - Treble - G3(3) - 0.0397" (1.00838mm) - Light Tension - Clear Nylon');
-- INSERT INTO strings( manufacturer_id, part_id, string_family, instrument_id, string_note, string_order, string_diameter, string_tension_category, string_material, mass_per_length, scale_length, tension_maximum, tension_at_note, tension_minimum, string_classification, description) VALUES ( (SELECT manufacturer_id FROM manufacturers WHERE manufacturer_name='D''Addario' AND manufacturer_type='strings'), 'J4304', 'Pro-Arté', (SELECT id FROM instruments WHERE type='stringed' AND category='classical' AND name='guitar'), 'D2', 4, 0.028*25.4, 'light tension', 'silverplated wound', 0.00010203*453.592292/2.54, 25.5*25.4, 14.8*453.592292/1000, 3.7*453.592292/1000, 3.7*453.592292/1000, 'bass', 'D''Addario Pro-Arté Classical Guitar String - J4304 - Bass - D2(4) - 0.028" (0.7112mm) - Light Tension - Silverplated Wound');
-- INSERT INTO strings( manufacturer_id, part_id, string_family, instrument_id, string_note, string_order, string_diameter, string_tension_category, string_material, mass_per_length, scale_length, tension_maximum, tension_at_note, tension_minimum, string_classification, description) VALUES ( (SELECT manufacturer_id FROM manufacturers WHERE manufacturer_name='D''Addario' AND manufacturer_type='strings'), 'J4305', 'Pro-Arté', (SELECT id FROM instruments WHERE type='stringed' AND category='classical' AND name='guitar'), 'A2', 5, 0.033*25.4, 'light tension', 'silverplated wound', 0.00015347*453.592292/2.54, 25.5*25.4, 17.7*453.592292/1000, 12.5*453.592292/1000, 5.6*453.592292/1000, 'bass', 'D''Addario Pro-Arté Classical Guitar String - J4305 - Bass - A2(5) - 0.033" (0.8382mm) - Light Tension - Silverplated Wound');
-- INSERT INTO strings( manufacturer_id, part_id, string_family, instrument_id, string_note, string_order, string_diameter, string_tension_category, string_material, mass_per_length, scale_length, tension_maximum, tension_at_note, tension_minimum, string_classification, description) VALUES ( (SELECT manufacturer_id FROM manufacturers WHERE manufacturer_name='D''Addario' AND manufacturer_type='strings'), 'J4306', 'Pro-Arté', (SELECT id FROM instruments WHERE type='stringed' AND category='classical' AND name='guitar'), 'E2', 6, 0.042*25.4, 'light tension', 'silverplated wound', 0.00028881*453.592292/2.54, 25.5*25.4, 23.5*453.592292/1000, 13.2*453.592292/1000, 10.5*453.592292/1000, 'bass', 'D''Addario Pro-Arté Classical Guitar String - J4306 - Bass - E2(6) - 0.042" (1.0668mm) - Light Tension - Silverplated Wound');
-- INSERT INTO strings( manufacturer_id, part_id, string_family, instrument_id, string_note, string_order, string_diameter, string_tension_category, string_material, mass_per_length, scale_length, tension_maximum, tension_at_note, tension_minimum, string_classification, description) VALUES ( (SELECT manufacturer_id FROM manufacturers WHERE manufacturer_name='D''Addario' AND manufacturer_type='strings'), 'J4401', 'Pro-Arté', (SELECT id FROM instruments WHERE type='stringed' AND category='classical' AND name='guitar'), 'E4', 1, 0.029*25.4, 'extra hard tension', 'laser select clear nylon', 0.00002243*453.592292/2.54, 25.5*25.4, 18.4*453.592292/1000, 16.4*453.592292/1000, 4.6*453.592292/1000, 'treble', 'D''Addario Pro-Arté Classical Guitar String - J4401 - Treble - E4(1) - 0.029" (0.7366mm) - Extra Hard Tension - Laser Select Clear Nylon');
-- INSERT INTO strings( manufacturer_id, part_id, string_family, instrument_id, string_note, string_order, string_diameter, string_tension_category, string_material, mass_per_length, scale_length, tension_maximum, tension_at_note, tension_minimum, string_classification, description) VALUES ( (SELECT manufacturer_id FROM manufacturers WHERE manufacturer_name='D''Addario' AND manufacturer_type='strings'), 'J4402', 'Pro-Arté', (SELECT id FROM instruments WHERE type='stringed' AND category='classical' AND name='guitar'), 'B3', 2, 0.0333*25.4, 'extra hard tension', 'laser select clear nylon', 0.00003046*453.592292/2.54, 25.5*25.4, 25*453.592292/1000, 12.5*453.592292/1000, 6.3*453.592292/1000, 'treble', 'D''Addario Pro-Arté Classical Guitar String - J4402 - Treble - B3(2) - 0.0333" (0.84582mm) - Extra Hard Tension - Laser Select Clear Nylon');
-- INSERT INTO strings( manufacturer_id, part_id, string_family, instrument_id, string_note, string_order, string_diameter, string_tension_category, string_material, mass_per_length, scale_length, tension_maximum, tension_at_note, tension_minimum, string_classification, description) VALUES ( (SELECT manufacturer_id FROM manufacturers WHERE manufacturer_name='D''Addario' AND manufacturer_type='strings'), 'J4403', 'Pro-Arté', (SELECT id FROM instruments WHERE type='stringed' AND category='classical' AND name='guitar'), 'G3', 3, 0.0416*25.4, 'extra hard tension', 'laser select clear nylon', 0.00004989*453.592292/2.54, 25.5*25.4, 40.9*453.592292/1000, 12.9*453.592292/1000, 10.2*453.592292/1000, 'treble', 'D''Addario Pro-Arté Classical Guitar String - J4403 - Treble - G3(3) - 0.0416" (1.05664mm) - Extra Hard Tension - Laser Select Clear Nylon');
-- INSERT INTO strings( manufacturer_id, part_id, string_family, instrument_id, string_note, string_order, string_diameter, string_tension_category, string_material, mass_per_length, scale_length, tension_maximum, tension_at_note, tension_minimum, string_classification, description) VALUES ( (SELECT manufacturer_id FROM manufacturers WHERE manufacturer_name='D''Addario' AND manufacturer_type='strings'), 'J4404', 'Pro-Arté', (SELECT id FROM instruments WHERE type='stringed' AND category='classical' AND name='guitar'), 'D2', 4, 0.03*25.4, 'extra hard tension', 'silverplated wound', 0.00011237*453.592292/2.54, 25.5*25.4, 16.3*453.592292/1000, 4.1*453.592292/1000, 4.1*453.592292/1000, 'bass', 'D''Addario Pro-Arté Classical Guitar String - J4404 - Bass - D2(4) - 0.03" (0.762mm) - Extra Hard Tension - Silverplated Wound');
-- INSERT INTO strings( manufacturer_id, part_id, string_family, instrument_id, string_note, string_order, string_diameter, string_tension_category, string_material, mass_per_length, scale_length, tension_maximum, tension_at_note, tension_minimum, string_classification, description) VALUES ( (SELECT manufacturer_id FROM manufacturers WHERE manufacturer_name='D''Addario' AND manufacturer_type='strings'), 'J4405', 'Pro-Arté', (SELECT id FROM instruments WHERE type='stringed' AND category='classical' AND name='guitar'), 'A2', 5, 0.036*25.4, 'extra hard tension', 'silverplated wound', 0.00019521*453.592292/2.54, 25.5*25.4, 20*453.592292/1000, 15.9*453.592292/1000, 7.1*453.592292/1000, 'bass', 'D''Addario Pro-Arté Classical Guitar String - J4405 - Bass - A2(5) - 0.036" (0.9144mm) - Extra Hard Tension - Silverplated Wound');
-- INSERT INTO strings( manufacturer_id, part_id, string_family, instrument_id, string_note, string_order, string_diameter, string_tension_category, string_material, mass_per_length, scale_length, tension_maximum, tension_at_note, tension_minimum, string_classification, description) VALUES ( (SELECT manufacturer_id FROM manufacturers WHERE manufacturer_name='D''Addario' AND manufacturer_type='strings'), 'J4406', 'Pro-Arté', (SELECT id FROM instruments WHERE type='stringed' AND category='classical' AND name='guitar'), 'E2', 6, 0.045*25.4, 'extra hard tension', 'silverplated wound', 0.00034351*453.592292/2.54, 25.5*25.4, 17.6*453.592292/1000, 15.7*453.592292/1000, 12.5*453.592292/1000, 'bass', 'D''Addario Pro-Arté Classical Guitar String - J4406 - Bass - E2(6) - 0.045" (1.143mm) - Extra Hard Tension - Silverplated Wound');
-- INSERT INTO strings( manufacturer_id, part_id, string_family, instrument_id, string_note, string_order, string_diameter, string_tension_category, string_material, mass_per_length, scale_length, tension_maximum, tension_at_note, tension_minimum, string_classification, description) VALUES ( (SELECT manufacturer_id FROM manufacturers WHERE manufacturer_name='D''Addario' AND manufacturer_type='strings'), 'J4501', 'Pro-Arté', (SELECT id FROM instruments WHERE type='stringed' AND category='classical' AND name='guitar'), 'E4', 1, 0.028*25.4, 'normal tension', 'laser select clear nylon', 0.00002092*453.592292/2.54, 25.5*25.4, 17.2*453.592292/1000, 15.3*453.592292/1000, 4.3*453.592292/1000, 'treble', 'D''Addario Pro-Arté Classical Guitar String - J4501 - Treble - E4(1) - 0.028" (0.7112mm) - Normal Tension - Laser Select Clear Nylon');
-- INSERT INTO strings( manufacturer_id, part_id, string_family, instrument_id, string_note, string_order, string_diameter, string_tension_category, string_material, mass_per_length, scale_length, tension_maximum, tension_at_note, tension_minimum, string_classification, description) VALUES ( (SELECT manufacturer_id FROM manufacturers WHERE manufacturer_name='D''Addario' AND manufacturer_type='strings'), 'J4502', 'Pro-Arté', (SELECT id FROM instruments WHERE type='stringed' AND category='classical' AND name='guitar'), 'B3', 2, 0.033*25.4, 'normal tension', 'laser select clear nylon', 0.00002827*453.592292/2.54, 25.5*25.4, 23.2*453.592292/1000, 11.6*453.592292/1000, 5.8*453.592292/1000, 'treble', 'D''Addario Pro-Arté Classical Guitar String - J4502 - Treble - B3(2) - 0.033" (0.8382mm) - Normal Tension - Laser Select Clear Nylon');
-- INSERT INTO strings( manufacturer_id, part_id, string_family, instrument_id, string_note, string_order, string_diameter, string_tension_category, string_material, mass_per_length, scale_length, tension_maximum, tension_at_note, tension_minimum, string_classification, description) VALUES ( (SELECT manufacturer_id FROM manufacturers WHERE manufacturer_name='D''Addario' AND manufacturer_type='strings'), 'J4503', 'Pro-Arté', (SELECT id FROM instruments WHERE type='stringed' AND category='classical' AND name='guitar'), 'G3', 3, 0.0403*25.4, 'normal tension', 'laser select clear nylon', 0.00004679*453.592292/2.54, 25.5*25.4, 38.4*453.592292/1000, 12.1*453.592292/1000, 9.6*453.592292/1000, 'treble', 'D''Addario Pro-Arté Classical Guitar String - J4503 - Treble - G3(3) - 0.0403" (1.02362mm) - Normal Tension - Laser Select Clear Nylon');
-- INSERT INTO strings( manufacturer_id, part_id, string_family, instrument_id, string_note, string_order, string_diameter, string_tension_category, string_material, mass_per_length, scale_length, tension_maximum, tension_at_note, tension_minimum, string_classification, description) VALUES ( (SELECT manufacturer_id FROM manufacturers WHERE manufacturer_name='D''Addario' AND manufacturer_type='strings'), 'J4504', 'Pro-Arté', (SELECT id FROM instruments WHERE type='stringed' AND category='classical' AND name='guitar'), 'D2', 4, 0.029*25.4, 'normal tension', 'silverplated wound', 0.00010754*453.592292/2.54, 25.5*25.4, 15.6*453.592292/1000, 3.9*453.592292/1000, 3.9*453.592292/1000, 'bass', 'D''Addario Pro-Arté Classical Guitar String - J4504 - Bass - D2(4) - 0.029" (0.7366mm) - Normal Tension - Silverplated Wound');
-- INSERT INTO strings( manufacturer_id, part_id, string_family, instrument_id, string_note, string_order, string_diameter, string_tension_category, string_material, mass_per_length, scale_length, tension_maximum, tension_at_note, tension_minimum, string_classification, description) VALUES ( (SELECT manufacturer_id FROM manufacturers WHERE manufacturer_name='D''Addario' AND manufacturer_type='strings'), 'J4505', 'Pro-Arté', (SELECT id FROM instruments WHERE type='stringed' AND category='classical' AND name='guitar'), 'A2', 5, 0.035*25.4, 'normal tension', 'silverplated wound', 0.00018416*453.592292/2.54, 25.5*25.4, 18.9*453.592292/1000, 15*453.592292/1000, 6.7*453.592292/1000, 'bass', 'D''Addario Pro-Arté Classical Guitar String - J4505 - Bass - A2(5) - 0.035" (0.889mm) - Normal Tension - Silverplated Wound');
-- INSERT INTO strings( manufacturer_id, part_id, string_family, instrument_id, string_note, string_order, string_diameter, string_tension_category, string_material, mass_per_length, scale_length, tension_maximum, tension_at_note, tension_minimum, string_classification, description) VALUES ( (SELECT manufacturer_id FROM manufacturers WHERE manufacturer_name='D''Addario' AND manufacturer_type='strings'), 'J4506', 'Pro-Arté', (SELECT id FROM instruments WHERE type='stringed' AND category='classical' AND name='guitar'), 'E2', 6, 0.043*25.4, 'normal tension', 'silverplated wound', 0.00030632*453.592292/2.54, 25.5*25.4, 19.8*453.592292/1000, 14*453.592292/1000, 11.1*453.592292/1000, 'bass', 'D''Addario Pro-Arté Classical Guitar String - J4506 - Bass - E2(6) - 0.043" (1.0922mm) - Normal Tension - Silverplated Wound');
-- INSERT INTO strings( manufacturer_id, part_id, string_family, instrument_id, string_note, string_order, string_diameter, string_tension_category, string_material, mass_per_length, scale_length, tension_maximum, tension_at_note, tension_minimum, string_classification, description) VALUES ( (SELECT manufacturer_id FROM manufacturers WHERE manufacturer_name='D''Addario' AND manufacturer_type='strings'), 'J4601', 'Pro-Arté', (SELECT id FROM instruments WHERE type='stringed' AND category='classical' AND name='guitar'), 'E4', 1, 0.0285*25.4, 'hard tension', 'laser select clear nylon', 0.00002161*453.592292/2.54, 25.5*25.4, 17.7*453.592292/1000, 15.8*453.592292/1000, 4.4*453.592292/1000, 'treble', 'D''Addario Pro-Arté Classical Guitar String - J4601 - Treble - E4(1) - 0.0285" (0.7239mm) - Hard Tension - Laser Select Clear Nylon');
-- INSERT INTO strings( manufacturer_id, part_id, string_family, instrument_id, string_note, string_order, string_diameter, string_tension_category, string_material, mass_per_length, scale_length, tension_maximum, tension_at_note, tension_minimum, string_classification, description) VALUES ( (SELECT manufacturer_id FROM manufacturers WHERE manufacturer_name='D''Addario' AND manufacturer_type='strings'), 'J4602', 'Pro-Arté', (SELECT id FROM instruments WHERE type='stringed' AND category='classical' AND name='guitar'), 'B3', 2, 0.0327*25.4, 'hard tension', 'laser select clear nylon', 0.00002924*453.592292/2.54, 25.5*25.4, 24*453.592292/1000, 12*453.592292/1000, 6*453.592292/1000, 'treble', 'D''Addario Pro-Arté Classical Guitar String - J4602 - Treble - B3(2) - 0.0327" (0.83058mm) - Hard Tension - Laser Select Clear Nylon');
-- INSERT INTO strings( manufacturer_id, part_id, string_family, instrument_id, string_note, string_order, string_diameter, string_tension_category, string_material, mass_per_length, scale_length, tension_maximum, tension_at_note, tension_minimum, string_classification, description) VALUES ( (SELECT manufacturer_id FROM manufacturers WHERE manufacturer_name='D''Addario' AND manufacturer_type='strings'), 'J4603', 'Pro-Arté', (SELECT id FROM instruments WHERE type='stringed' AND category='classical' AND name='guitar'), 'G3', 3, 0.041*25.4, 'hard tension', 'laser select clear nylon', 0.00004795*453.592292/2.54, 25.5*25.4, 39.4*453.592292/1000, 12.4*453.592292/1000, 9.8*453.592292/1000, 'treble', 'D''Addario Pro-Arté Classical Guitar String - J4603 - Treble - G3(3) - 0.041" (1.0414mm) - Hard Tension - Laser Select Clear Nylon');
-- INSERT INTO strings( manufacturer_id, part_id, string_family, instrument_id, string_note, string_order, string_diameter, string_tension_category, string_material, mass_per_length, scale_length, tension_maximum, tension_at_note, tension_minimum, string_classification, description) VALUES ( (SELECT manufacturer_id FROM manufacturers WHERE manufacturer_name='D''Addario' AND manufacturer_type='strings'), 'J4604', 'Pro-Arté', (SELECT id FROM instruments WHERE type='stringed' AND category='classical' AND name='guitar'), 'D2', 4, 0.03*25.4, 'hard tension', 'silverplated wound', 0.00011237*453.592292/2.54, 25.5*25.4, 16.3*453.592292/1000, 4.1*453.592292/1000, 4.1*453.592292/1000, 'bass', 'D''Addario Pro-Arté Classical Guitar String - J4604 - Bass - D2(4) - 0.03" (0.762mm) - Hard Tension - Silverplated Wound');
-- INSERT INTO strings( manufacturer_id, part_id, string_family, instrument_id, string_note, string_order, string_diameter, string_tension_category, string_material, mass_per_length, scale_length, tension_maximum, tension_at_note, tension_minimum, string_classification, description) VALUES ( (SELECT manufacturer_id FROM manufacturers WHERE manufacturer_name='D''Addario' AND manufacturer_type='strings'), 'J4605', 'Pro-Arté', (SELECT id FROM instruments WHERE type='stringed' AND category='classical' AND name='guitar'), 'A2', 5, 0.036*25.4, 'hard tension', 'silverplated wound', 0.00019521*453.592292/2.54, 25.5*25.4, 20*453.592292/1000, 15.9*453.592292/1000, 7.1*453.592292/1000, 'bass', 'D''Addario Pro-Arté Classical Guitar String - J4605 - Bass - A2(5) - 0.036" (0.9144mm) - Hard Tension - Silverplated Wound');
-- INSERT INTO strings( manufacturer_id, part_id, string_family, instrument_id, string_note, string_order, string_diameter, string_tension_category, string_material, mass_per_length, scale_length, tension_maximum, tension_at_note, tension_minimum, string_classification, description) VALUES ( (SELECT manufacturer_id FROM manufacturers WHERE manufacturer_name='D''Addario' AND manufacturer_type='strings'), 'J4606', 'Pro-Arté', (SELECT id FROM instruments WHERE type='stringed' AND category='classical' AND name='guitar'), 'E2', 6, 0.044*25.4, 'hard tension', 'silverplated wound', 0.00031726*453.592292/2.54, 25.5*25.4, 20.5*453.592292/1000, 14.5*453.592292/1000, 11.5*453.592292/1000, 'bass', 'D''Addario Pro-Arté Classical Guitar String - J4606 - Bass - E2(6) - 0.044" (1.1176mm) - Hard Tension - Silverplated Wound');
-- INSERT INTO strings( manufacturer_id, part_id, string_family, instrument_id, string_note, string_order, string_diameter, string_tension_category, string_material, mass_per_length, scale_length, tension_maximum, tension_at_note, tension_minimum, string_classification, description) VALUES ( (SELECT manufacturer_id FROM manufacturers WHERE manufacturer_name='D''Addario' AND manufacturer_type='strings'), 'J4704', 'Pro-Arté', (SELECT id FROM instruments WHERE type='stringed' AND category='classical' AND name='guitar'), 'D2', 4, 0.029*25.4, 'normal tension', 'bronze wound', 0.00010616*453.592292/2.54, 25.5*25.4, 15.4*453.592292/1000, 3.8*453.592292/1000, 3.8*453.592292/1000, 'bass', 'D''Addario Pro-Arté Classical Guitar String - J4704 - Bass - D2(4) - 0.029" (0.7366mm) - Normal Tension - Bronze Wound');
-- INSERT INTO strings( manufacturer_id, part_id, string_family, instrument_id, string_note, string_order, string_diameter, string_tension_category, string_material, mass_per_length, scale_length, tension_maximum, tension_at_note, tension_minimum, string_classification, description) VALUES ( (SELECT manufacturer_id FROM manufacturers WHERE manufacturer_name='D''Addario' AND manufacturer_type='strings'), 'J4705', 'Pro-Arté', (SELECT id FROM instruments WHERE type='stringed' AND category='classical' AND name='guitar'), 'A2', 5, 0.035*25.4, 'normal tension', 'bronze wound', 0.00017311*453.592292/2.54, 25.5*25.4, 19.9*453.592292/1000, 14.1*453.592292/1000, 6.3*453.592292/1000, 'bass', 'D''Addario Pro-Arté Classical Guitar String - J4705 - Bass - A2(5) - 0.035" (0.889mm) - Normal Tension - Bronze Wound');
-- INSERT INTO strings( manufacturer_id, part_id, string_family, instrument_id, string_note, string_order, string_diameter, string_tension_category, string_material, mass_per_length, scale_length, tension_maximum, tension_at_note, tension_minimum, string_classification, description) VALUES ( (SELECT manufacturer_id FROM manufacturers WHERE manufacturer_name='D''Addario' AND manufacturer_type='strings'), 'J4706', 'Pro-Arté', (SELECT id FROM instruments WHERE type='stringed' AND category='classical' AND name='guitar'), 'E2', 6, 0.043*25.4, 'normal tension', 'bronze wound', 0.000291*453.592292/2.54, 25.5*25.4, 18.8*453.592292/1000, 13.3*453.592292/1000, 10.6*453.592292/1000, 'bass', 'D''Addario Pro-Arté Classical Guitar String - J4706 - Bass - E2(6) - 0.043" (1.0922mm) - Normal Tension - Bronze Wound');
-- INSERT INTO strings( manufacturer_id, part_id, string_family, instrument_id, string_note, string_order, string_diameter, string_tension_category, string_material, mass_per_length, scale_length, tension_maximum, tension_at_note, tension_minimum, string_classification, description) VALUES ( (SELECT manufacturer_id FROM manufacturers WHERE manufacturer_name='D''Addario' AND manufacturer_type='strings'), 'J4801', 'Pro-Arté', (SELECT id FROM instruments WHERE type='stringed' AND category='classical' AND name='guitar'), 'E4', 1, 0*25.4, 'hard tension', 'laser select clear nylon', 0.00002161*453.592292/2.54, 25.5*25.4, 17.7*453.592292/1000, 15.8*453.592292/1000, 4.4*453.592292/1000, 'treble', 'D''Addario Pro-Arté Classical Guitar String - J4801 - Treble - E4(1) - 0" (0mm) - Hard Tension - Laser Select Clear Nylon');
-- INSERT INTO strings( manufacturer_id, part_id, string_family, instrument_id, string_note, string_order, string_diameter, string_tension_category, string_material, mass_per_length, scale_length, tension_maximum, tension_at_note, tension_minimum, string_classification, description) VALUES ( (SELECT manufacturer_id FROM manufacturers WHERE manufacturer_name='D''Addario' AND manufacturer_type='strings'), 'J4802', 'Pro-Arté', (SELECT id FROM instruments WHERE type='stringed' AND category='classical' AND name='guitar'), 'B3', 2, 0*25.4, 'hard tension', 'laser select clear nylon', 0.00002924*453.592292/2.54, 25.5*25.4, 24*453.592292/1000, 12*453.592292/1000, 6*453.592292/1000, 'treble', 'D''Addario Pro-Arté Classical Guitar String - J4802 - Treble - B3(2) - 0" (0mm) - Hard Tension - Laser Select Clear Nylon');
-- INSERT INTO strings( manufacturer_id, part_id, string_family, instrument_id, string_note, string_order, string_diameter, string_tension_category, string_material, mass_per_length, scale_length, tension_maximum, tension_at_note, tension_minimum, string_classification, description) VALUES ( (SELECT manufacturer_id FROM manufacturers WHERE manufacturer_name='D''Addario' AND manufacturer_type='strings'), 'J4803', 'Pro-Arté', (SELECT id FROM instruments WHERE type='stringed' AND category='classical' AND name='guitar'), 'G3', 3, 0*25.4, 'hard tension', 'laser select clear nylon', 0.00004795*453.592292/2.54, 25.5*25.4, 39.4*453.592292/1000, 12.4*453.592292/1000, 9.8*453.592292/1000, 'treble', 'D''Addario Pro-Arté Classical Guitar String - J4803 - Treble - G3(3) - 0" (0mm) - Hard Tension - Laser Select Clear Nylon');
-- INSERT INTO strings( manufacturer_id, part_id, string_family, instrument_id, string_note, string_order, string_diameter, string_tension_category, string_material, mass_per_length, scale_length, tension_maximum, tension_at_note, tension_minimum, string_classification, description) VALUES ( (SELECT manufacturer_id FROM manufacturers WHERE manufacturer_name='D''Addario' AND manufacturer_type='strings'), 'J4804', 'Pro-Arté', (SELECT id FROM instruments WHERE type='stringed' AND category='classical' AND name='guitar'), 'D2', 4, 0*25.4, 'hard tension', 'bronze wound', 0.00011237*453.592292/2.54, 25.5*25.4, 16.3*453.592292/1000, 4.1*453.592292/1000, 4.1*453.592292/1000, 'bass', 'D''Addario Pro-Arté Classical Guitar String - J4804 - Bass - D2(4) - 0" (0mm) - Hard Tension - Bronze Wound');
-- INSERT INTO strings( manufacturer_id, part_id, string_family, instrument_id, string_note, string_order, string_diameter, string_tension_category, string_material, mass_per_length, scale_length, tension_maximum, tension_at_note, tension_minimum, string_classification, description) VALUES ( (SELECT manufacturer_id FROM manufacturers WHERE manufacturer_name='D''Addario' AND manufacturer_type='strings'), 'J4805', 'Pro-Arté', (SELECT id FROM instruments WHERE type='stringed' AND category='classical' AND name='guitar'), 'A2', 5, 0*25.4, 'hard tension', 'bronze wound', 0.00018171*453.592292/2.54, 25.5*25.4, 18.7*453.592292/1000, 14.8*453.592292/1000, 6.6*453.592292/1000, 'bass', 'D''Addario Pro-Arté Classical Guitar String - J4805 - Bass - A2(5) - 0" (0mm) - Hard Tension - Bronze Wound');
-- INSERT INTO strings( manufacturer_id, part_id, string_family, instrument_id, string_note, string_order, string_diameter, string_tension_category, string_material, mass_per_length, scale_length, tension_maximum, tension_at_note, tension_minimum, string_classification, description) VALUES ( (SELECT manufacturer_id FROM manufacturers WHERE manufacturer_name='D''Addario' AND manufacturer_type='strings'), 'J4806', 'Pro-Arté', (SELECT id FROM instruments WHERE type='stringed' AND category='classical' AND name='guitar'), 'E2', 6, 0*25.4, 'hard tension', 'bronze wound', 0.00030632*453.592292/2.54, 25.5*25.4, 19.8*453.592292/1000, 14*453.592292/1000, 11.1*453.592292/1000, 'bass', 'D''Addario Pro-Arté Classical Guitar String - J4806 - Bass - E2(6) - 0" (0mm) - Hard Tension - Bronze Wound');
-- INSERT INTO strings( manufacturer_id, part_id, string_family, instrument_id, string_note, string_order, string_diameter, string_tension_category, string_material, mass_per_length, scale_length, tension_maximum, tension_at_note, tension_minimum, string_classification, description) VALUES ( (SELECT manufacturer_id FROM manufacturers WHERE manufacturer_name='D''Addario' AND manufacturer_type='strings'), 'J4901', 'Pro-Arté', (SELECT id FROM instruments WHERE type='stringed' AND category='classical' AND name='guitar'), 'E4', 1, 0.028*25.4, 'normal tension', 'laser select black nylon', 0.00002092*453.592292/2.54, 25.5*25.4, 17.2*453.592292/1000, 15.3*453.592292/1000, 4.3*453.592292/1000, 'treble', 'D''Addario Pro-Arté Classical Guitar String - J4901 - Treble - E4(1) - 0.028" (0.7112mm) - Normal Tension - Laser Select Black Nylon');
-- INSERT INTO strings( manufacturer_id, part_id, string_family, instrument_id, string_note, string_order, string_diameter, string_tension_category, string_material, mass_per_length, scale_length, tension_maximum, tension_at_note, tension_minimum, string_classification, description) VALUES ( (SELECT manufacturer_id FROM manufacturers WHERE manufacturer_name='D''Addario' AND manufacturer_type='strings'), 'J4902', 'Pro-Arté', (SELECT id FROM instruments WHERE type='stringed' AND category='classical' AND name='guitar'), 'B3', 2, 0.0322*25.4, 'normal tension', 'laser select black nylon', 0.00002827*453.592292/2.54, 25.5*25.4, 23.2*453.592292/1000, 11.6*453.592292/1000, 5.8*453.592292/1000, 'treble', 'D''Addario Pro-Arté Classical Guitar String - J4902 - Treble - B3(2) - 0.0322" (0.81788mm) - Normal Tension - Laser Select Black Nylon');
-- INSERT INTO strings( manufacturer_id, part_id, string_family, instrument_id, string_note, string_order, string_diameter, string_tension_category, string_material, mass_per_length, scale_length, tension_maximum, tension_at_note, tension_minimum, string_classification, description) VALUES ( (SELECT manufacturer_id FROM manufacturers WHERE manufacturer_name='D''Addario' AND manufacturer_type='strings'), 'J4903', 'Pro-Arté', (SELECT id FROM instruments WHERE type='stringed' AND category='classical' AND name='guitar'), 'G3', 3, 0.0403*25.4, 'normal tension', 'laser select black nylon', 0.00004679*453.592292/2.54, 25.5*25.4, 38.4*453.592292/1000, 12.1*453.592292/1000, 9.6*453.592292/1000, 'treble', 'D''Addario Pro-Arté Classical Guitar String - J4903 - Treble - G3(3) - 0.0403" (1.02362mm) - Normal Tension - Laser Select Black Nylon');
-- INSERT INTO strings( manufacturer_id, part_id, string_family, instrument_id, string_note, string_order, string_diameter, string_tension_category, string_material, mass_per_length, scale_length, tension_maximum, tension_at_note, tension_minimum, string_classification, description) VALUES ( (SELECT manufacturer_id FROM manufacturers WHERE manufacturer_name='D''Addario' AND manufacturer_type='strings'), 'J4904', 'Pro-Arté', (SELECT id FROM instruments WHERE type='stringed' AND category='classical' AND name='guitar'), 'D2', 4, 0.029*25.4, 'normal tension', 'silverplated wound', 0.00010754*453.592292/2.54, 25.5*25.4, 15.6*453.592292/1000, 3.9*453.592292/1000, 3.9*453.592292/1000, 'bass', 'D''Addario Pro-Arté Classical Guitar String - J4904 - Bass - D2(4) - 0.029" (0.7366mm) - Normal Tension - Silverplated Wound');
-- INSERT INTO strings( manufacturer_id, part_id, string_family, instrument_id, string_note, string_order, string_diameter, string_tension_category, string_material, mass_per_length, scale_length, tension_maximum, tension_at_note, tension_minimum, string_classification, description) VALUES ( (SELECT manufacturer_id FROM manufacturers WHERE manufacturer_name='D''Addario' AND manufacturer_type='strings'), 'J4905', 'Pro-Arté', (SELECT id FROM instruments WHERE type='stringed' AND category='classical' AND name='guitar'), 'A2', 5, 0.035*25.4, 'normal tension', 'silverplated wound', 0.00018416*453.592292/2.54, 25.5*25.4, 18.9*453.592292/1000, 15*453.592292/1000, 6.7*453.592292/1000, 'bass', 'D''Addario Pro-Arté Classical Guitar String - J4905 - Bass - A2(5) - 0.035" (0.889mm) - Normal Tension - Silverplated Wound');
-- INSERT INTO strings( manufacturer_id, part_id, string_family, instrument_id, string_note, string_order, string_diameter, string_tension_category, string_material, mass_per_length, scale_length, tension_maximum, tension_at_note, tension_minimum, string_classification, description) VALUES ( (SELECT manufacturer_id FROM manufacturers WHERE manufacturer_name='D''Addario' AND manufacturer_type='strings'), 'J4906', 'Pro-Arté', (SELECT id FROM instruments WHERE type='stringed' AND category='classical' AND name='guitar'), 'E2', 6, 0.043*25.4, 'normal tension', 'silverplated wound', 0.00030632*453.592292/2.54, 25.5*25.4, 19.8*453.592292/1000, 14*453.592292/1000, 11.1*453.592292/1000, 'bass', 'D''Addario Pro-Arté Classical Guitar String - J4906 - Bass - E2(6) - 0.043" (1.0922mm) - Normal Tension - Silverplated Wound');
-- INSERT INTO strings( manufacturer_id, part_id, string_family, instrument_id, string_note, string_order, string_diameter, string_tension_category, string_material, mass_per_length, scale_length, tension_maximum, tension_at_note, tension_minimum, string_classification, description) VALUES ( (SELECT manufacturer_id FROM manufacturers WHERE manufacturer_name='D''Addario' AND manufacturer_type='strings'), 'J5001', 'Pro-Arté', (SELECT id FROM instruments WHERE type='stringed' AND category='classical' AND name='guitar'), 'E4', 1, 0.0285*25.4, 'hard tension', 'laser select black nylon', 0.00002161*453.592292/2.54, 25.5*25.4, 17.7*453.592292/1000, 15.8*453.592292/1000, 4.4*453.592292/1000, 'treble', 'D''Addario Pro-Arté Classical Guitar String - J5001 - Treble - E4(1) - 0.0285" (0.7239mm) - Hard Tension - Laser Select Black Nylon');
-- INSERT INTO strings( manufacturer_id, part_id, string_family, instrument_id, string_note, string_order, string_diameter, string_tension_category, string_material, mass_per_length, scale_length, tension_maximum, tension_at_note, tension_minimum, string_classification, description) VALUES ( (SELECT manufacturer_id FROM manufacturers WHERE manufacturer_name='D''Addario' AND manufacturer_type='strings'), 'J5002', 'Pro-Arté', (SELECT id FROM instruments WHERE type='stringed' AND category='classical' AND name='guitar'), 'B3', 2, 0.0327*25.4, 'hard tension', 'laser select black nylon', 0.00002924*453.592292/2.54, 25.5*25.4, 24*453.592292/1000, 12*453.592292/1000, 6*453.592292/1000, 'treble', 'D''Addario Pro-Arté Classical Guitar String - J5002 - Treble - B3(2) - 0.0327" (0.83058mm) - Hard Tension - Laser Select Black Nylon');
-- INSERT INTO strings( manufacturer_id, part_id, string_family, instrument_id, string_note, string_order, string_diameter, string_tension_category, string_material, mass_per_length, scale_length, tension_maximum, tension_at_note, tension_minimum, string_classification, description) VALUES ( (SELECT manufacturer_id FROM manufacturers WHERE manufacturer_name='D''Addario' AND manufacturer_type='strings'), 'J5003', 'Pro-Arté', (SELECT id FROM instruments WHERE type='stringed' AND category='classical' AND name='guitar'), 'G3', 3, 0.041*25.4, 'hard tension', 'laser select black nylon', 0.00004795*453.592292/2.54, 25.5*25.4, 39.4*453.592292/1000, 12.4*453.592292/1000, 9.8*453.592292/1000, 'treble', 'D''Addario Pro-Arté Classical Guitar String - J5003 - Treble - G3(3) - 0.041" (1.0414mm) - Hard Tension - Laser Select Black Nylon');
-- INSERT INTO strings( manufacturer_id, part_id, string_family, instrument_id, string_note, string_order, string_diameter, string_tension_category, string_material, mass_per_length, scale_length, tension_maximum, tension_at_note, tension_minimum, string_classification, description) VALUES ( (SELECT manufacturer_id FROM manufacturers WHERE manufacturer_name='D''Addario' AND manufacturer_type='strings'), 'J5004', 'Pro-Arté', (SELECT id FROM instruments WHERE type='stringed' AND category='classical' AND name='guitar'), 'D2', 4, 0.03*25.4, 'hard tension', 'silverplated wound', 0.00011237*453.592292/2.54, 25.5*25.4, 16.3*453.592292/1000, 4.1*453.592292/1000, 4.1*453.592292/1000, 'bass', 'D''Addario Pro-Arté Classical Guitar String - J5004 - Bass - D2(4) - 0.03" (0.762mm) - Hard Tension - Silverplated Wound');
-- INSERT INTO strings( manufacturer_id, part_id, string_family, instrument_id, string_note, string_order, string_diameter, string_tension_category, string_material, mass_per_length, scale_length, tension_maximum, tension_at_note, tension_minimum, string_classification, description) VALUES ( (SELECT manufacturer_id FROM manufacturers WHERE manufacturer_name='D''Addario' AND manufacturer_type='strings'), 'J5005', 'Pro-Arté', (SELECT id FROM instruments WHERE type='stringed' AND category='classical' AND name='guitar'), 'A2', 5, 0.036*25.4, 'hard tension', 'silverplated wound', 0.00019521*453.592292/2.54, 25.5*25.4, 20*453.592292/1000, 15.9*453.592292/1000, 7.1*453.592292/1000, 'bass', 'D''Addario Pro-Arté Classical Guitar String - J5005 - Bass - A2(5) - 0.036" (0.9144mm) - Hard Tension - Silverplated Wound');
-- INSERT INTO strings( manufacturer_id, part_id, string_family, instrument_id, string_note, string_order, string_diameter, string_tension_category, string_material, mass_per_length, scale_length, tension_maximum, tension_at_note, tension_minimum, string_classification, description) VALUES ( (SELECT manufacturer_id FROM manufacturers WHERE manufacturer_name='D''Addario' AND manufacturer_type='strings'), 'J5006', 'Pro-Arté', (SELECT id FROM instruments WHERE type='stringed' AND category='classical' AND name='guitar'), 'E2', 6, 0.044*25.4, 'hard tension', 'silverplated wound', 0.00031726*453.592292/2.54, 25.5*25.4, 20.5*453.592292/1000, 14.5*453.592292/1000, 11.5*453.592292/1000, 'bass', 'D''Addario Pro-Arté Classical Guitar String - J5006 - Bass - E2(6) - 0.044" (1.1176mm) - Hard Tension - Silverplated Wound');
-- INSERT INTO strings( manufacturer_id, part_id, string_family, instrument_id, string_note, string_order, string_diameter, string_tension_category, string_material, mass_per_length, scale_length, tension_maximum, tension_at_note, tension_minimum, string_classification, description) VALUES ( (SELECT manufacturer_id FROM manufacturers WHERE manufacturer_name='D''Addario' AND manufacturer_type='strings'), 'J5101', 'Pro-Arté', (SELECT id FROM instruments WHERE type='stringed' AND category='classical' AND name='guitar'), 'E4', 1, 0.0285*25.4, 'hard tension', 'laser select clear nylon', 0.00002161*453.592292/2.54, 25.5*25.4, 17.7*453.592292/1000, 15.8*453.592292/1000, 4.4*453.592292/1000, 'treble', 'D''Addario Pro-Arté Classical Guitar String - J5101 - Treble - E4(1) - 0.0285" (0.7239mm) - Hard Tension - Laser Select Clear Nylon');
-- INSERT INTO strings( manufacturer_id, part_id, string_family, instrument_id, string_note, string_order, string_diameter, string_tension_category, string_material, mass_per_length, scale_length, tension_maximum, tension_at_note, tension_minimum, string_classification, description) VALUES ( (SELECT manufacturer_id FROM manufacturers WHERE manufacturer_name='D''Addario' AND manufacturer_type='strings'), 'J5102', 'Pro-Arté', (SELECT id FROM instruments WHERE type='stringed' AND category='classical' AND name='guitar'), 'B3', 2, 0.0327*25.4, 'hard tension', 'laser select clear nylon', 0.00002924*453.592292/2.54, 25.5*25.4, 24*453.592292/1000, 12*453.592292/1000, 6*453.592292/1000, 'treble', 'D''Addario Pro-Arté Classical Guitar String - J5102 - Treble - B3(2) - 0.0327" (0.83058mm) - Hard Tension - Laser Select Clear Nylon');
-- INSERT INTO strings( manufacturer_id, part_id, string_family, instrument_id, string_note, string_order, string_diameter, string_tension_category, string_material, mass_per_length, scale_length, tension_maximum, tension_at_note, tension_minimum, string_classification, description) VALUES ( (SELECT manufacturer_id FROM manufacturers WHERE manufacturer_name='D''Addario' AND manufacturer_type='strings'), 'J5103', 'Pro-Arté', (SELECT id FROM instruments WHERE type='stringed' AND category='classical' AND name='guitar'), 'G3', 3, 0.041*25.4, 'hard tension', 'laser select clear nylon', 0.00004795*453.592292/2.54, 25.5*25.4, 39.4*453.592292/1000, 12.4*453.592292/1000, 9.8*453.592292/1000, 'treble', 'D''Addario Pro-Arté Classical Guitar String - J5103 - Treble - G3(3) - 0.041" (1.0414mm) - Hard Tension - Laser Select Clear Nylon');
-- INSERT INTO strings( manufacturer_id, part_id, string_family, instrument_id, string_note, string_order, string_diameter, string_tension_category, string_material, mass_per_length, scale_length, tension_maximum, tension_at_note, tension_minimum, string_classification, description) VALUES ( (SELECT manufacturer_id FROM manufacturers WHERE manufacturer_name='D''Addario' AND manufacturer_type='strings'), 'J5104', 'Pro-Arté', (SELECT id FROM instruments WHERE type='stringed' AND category='classical' AND name='guitar'), 'D2', 4, .028*25.4, 'hard tension', 'flat silverplated copper wound', 0.00013029*453.592292/2.54, 25.5*25.4, 18.9*453.592292/1000, 4.7*453.592292/1000, 4.7*453.592292/1000, 'bass', 'D''Addario Pro-Arté Classical Guitar String - J5104 - Bass - D2(4) - .028" (0.7112mm) - Hard Tension - Flat Silverplated Copper Wound');
-- INSERT INTO strings( manufacturer_id, part_id, string_family, instrument_id, string_note, string_order, string_diameter, string_tension_category, string_material, mass_per_length, scale_length, tension_maximum, tension_at_note, tension_minimum, string_classification, description) VALUES ( (SELECT manufacturer_id FROM manufacturers WHERE manufacturer_name='D''Addario' AND manufacturer_type='strings'), 'J5105', 'Pro-Arté', (SELECT id FROM instruments WHERE type='stringed' AND category='classical' AND name='guitar'), 'A2', 5, .034*25.4, 'hard tension', 'flat silverplated copper wound', 0.00020135*453.592292/2.54, 25.5*25.4, 20.7*453.592292/1000, 16.4*453.592292/1000, 7.3*453.592292/1000, 'bass', 'D''Addario Pro-Arté Classical Guitar String - J5105 - Bass - A2(5) - .034" (0.8636mm) - Hard Tension - Flat Silverplated Copper Wound');
-- INSERT INTO strings( manufacturer_id, part_id, string_family, instrument_id, string_note, string_order, string_diameter, string_tension_category, string_material, mass_per_length, scale_length, tension_maximum, tension_at_note, tension_minimum, string_classification, description) VALUES ( (SELECT manufacturer_id FROM manufacturers WHERE manufacturer_name='D''Addario' AND manufacturer_type='strings'), 'J5106', 'Pro-Arté', (SELECT id FROM instruments WHERE type='stringed' AND category='classical' AND name='guitar'), 'E2', 6, .042*25.4, 'hard tension', 'flat silverplated copper wound', 0.00035008*453.592292/2.54, 25.5*25.4, 18*453.592292/1000, 16*453.592292/1000, 12.7*453.592292/1000, 'bass', 'D''Addario Pro-Arté Classical Guitar String - J5106 - Bass - E2(6) - .042" (1.0668mm) - Hard Tension - Flat Silverplated Copper Wound');

INSERT INTO public.string_sets (manufacturer_id, string_set_name, number_of_strings ) VALUES (
  (SELECT manufacturer_id FROM manufacturers WHERE manufacturer_name='D''Addario' AND manufacturer_type='strings'),
  'EXL-120',
  6);
